[
  [
    "what patterns are found in the high performance region",
    {
      "entities": []
    }
  ],
  [
    "what features are shared by the target designs",
    {
      "entities": []
    }
  ],
  [
    "what patterns are found in good designs",
    {
      "entities": []
    }
  ],
  [
    "what is a good feature describing this target region",
    {
      "entities": []
    }
  ],
  [
    "can you suggest a good feature that describes the target region well",
    {
      "entities": []
    }
  ],
  [
    "what patterns are found in the target designs",
    {
      "entities": []
    }
  ],
  [
    "what are the features that are shared by the target designs",
    {
      "entities": []
    }
  ],
  [
    "what are the patterns that are found in the high performance region",
    {
      "entities": []
    }
  ],
  [
    "which feature is unique to the solutions in the target region",
    {
      "entities": []
    }
  ],
  [
    "what are the patterns that are found in the target designs",
    {
      "entities": []
    }
  ],
  [
    "what are the recurring patterns within the low-cost region",
    {
      "entities": []
    }
  ],
  [
    "what is the driving feature",
    {
      "entities": []
    }
  ],
  [
    "what are the recurring patterns in the target region",
    {
      "entities": []
    }
  ],
  [
    "what are the patterns that are found in the selected region",
    {
      "entities": []
    }
  ],
  [
    "what patterns are recurrent within the low-cost region",
    {
      "entities": []
    }
  ],
  [
    "what features describe the target region well",
    {
      "entities": []
    }
  ],
  [
    "which feature can be found in the designs in the target region",
    {
      "entities": []
    }
  ],
  [
    "what are the driving features",
    {
      "entities": []
    }
  ],
  [
    "what is the feature that is unique to the solutions in the target region",
    {
      "entities": []
    }
  ],
  [
    "what are the patterns that are found in good designs",
    {
      "entities": []
    }
  ],
  [
    "which feature covers all the solutions in the target region",
    {
      "entities": []
    }
  ],
  [
    "what patterns are found in the selected region",
    {
      "entities": []
    }
  ],
  [
    "what feature covers the selected region well",
    {
      "entities": []
    }
  ]
]