[
  [
    "explain the stakeholder Land and ecosystems science benefit for this design",
    {
      "entities": [
        [
          24,
          42,
          "STAKEHOLDER"
        ]
      ]
    }
  ],
  [
    "explain the stakeholder Weather science score for this design",
    {
      "entities": [
        [
          24,
          30,
          "STAKEHOLDER"
        ]
      ]
    }
  ],
  [
    "explain the stakeholder Climate science benefit for this design",
    {
      "entities": [
        [
          24,
          30,
          "STAKEHOLDER"
        ]
      ]
    }
  ],
  [
    "explain the stakeholder Water science benefit for this design",
    {
      "entities": [
        [
          24,
          28,
          "STAKEHOLDER"
        ]
      ]
    }
  ],
  [
    "explain the stakeholder Land and ecosystems science score for this design",
    {
      "entities": [
        [
          24,
          42,
          "STAKEHOLDER"
        ]
      ]
    }
  ],
  [
    "explain the stakeholder Water science score for this design",
    {
      "entities": [
        [
          24,
          28,
          "STAKEHOLDER"
        ]
      ]
    }
  ],
  [
    "explain the stakeholder Weather science benefit for this design",
    {
      "entities": [
        [
          24,
          30,
          "STAKEHOLDER"
        ]
      ]
    }
  ],
  [
    "explain the stakeholder Climate science score for this design",
    {
      "entities": [
        [
          24,
          30,
          "STAKEHOLDER"
        ]
      ]
    }
  ],
  [
    "explain the stakeholder Human health science benefit for this design",
    {
      "entities": [
        [
          24,
          35,
          "STAKEHOLDER"
        ]
      ]
    }
  ],
  [
    "explain the stakeholder Human health science score for this design",
    {
      "entities": [
        [
          24,
          35,
          "STAKEHOLDER"
        ]
      ]
    }
  ]
]