[
  [
    "which instruments improve the science score for stakeholder Human health",
    {
      "entities": [
        [
          60,
          71,
          "STAKEHOLDER"
        ]
      ]
    }
  ],
  [
    "which instruments improve the science benefit for stakeholder Land and ecosystems",
    {
      "entities": [
        [
          62,
          80,
          "STAKEHOLDER"
        ]
      ]
    }
  ],
  [
    "which instruments improve the science score for stakeholder Water",
    {
      "entities": [
        [
          60,
          64,
          "STAKEHOLDER"
        ]
      ]
    }
  ],
  [
    "which instruments improve the science score for stakeholder Weather",
    {
      "entities": [
        [
          60,
          66,
          "STAKEHOLDER"
        ]
      ]
    }
  ],
  [
    "which instruments improve the science score for stakeholder Land and ecosystems",
    {
      "entities": [
        [
          60,
          78,
          "STAKEHOLDER"
        ]
      ]
    }
  ],
  [
    "which instruments improve the science benefit for stakeholder Climate",
    {
      "entities": [
        [
          62,
          68,
          "STAKEHOLDER"
        ]
      ]
    }
  ],
  [
    "which instruments improve the science score for stakeholder Climate",
    {
      "entities": [
        [
          60,
          66,
          "STAKEHOLDER"
        ]
      ]
    }
  ],
  [
    "which instruments improve the science benefit for stakeholder Water",
    {
      "entities": [
        [
          62,
          66,
          "STAKEHOLDER"
        ]
      ]
    }
  ],
  [
    "which instruments improve the science benefit for stakeholder Weather",
    {
      "entities": [
        [
          62,
          68,
          "STAKEHOLDER"
        ]
      ]
    }
  ],
  [
    "which instruments improve the science benefit for stakeholder Human health",
    {
      "entities": [
        [
          62,
          73,
          "STAKEHOLDER"
        ]
      ]
    }
  ]
]